id,first_name,last_name,postal_code,state
1,Janet,Meyer,54305,
2,George,Jackson,32255,
3,Jimmy,Carter,77293,
4,Jacqueline,Knight,73173,
5,Louise,Jackson,77080,
6,Kathy,Kelley,92805,
7,David,Harper,19120,
8,Kathryn,Garza,45408,
9,Keith,Harper,80940,
10,Carolyn,Dunn,98008,
11,Anne,Henry,78703,
12,Betty,Johnson,50310,
13,Sarah,Cooper,20022,
14,David,Webb,94405,
15,Justin,Sanchez,77040,
16,Juan,Gilbert,35487,
17,Billy,Black,49560,
18,Bobby,Parker,31165,
19,Patrick,Watson,10292,
20,Teresa,Banks,33245,
21,Judith,Lewis,74156,
22,Victor,Day,98687,
23,Justin,Hughes,85053,
24,Betty,Ellis,29305,
25,Martin,Marshall,33805,
26,Charles,Bailey,70836,
27,Howard,Garrett,6120,
28,Julie,Ryan,37995,
29,Beverly,Morgan,36689,
30,Jane,Butler,31410,
31,Billy,Sims,55108,
32,Kathryn,Hayes,36616,
33,Mildred,Sanders,33233,
34,Lois,Reed,48224,
35,Charles,Brown,55551,
36,Jimmy,Murphy,45807,
37,Julie,Warren,28405,
38,Michael,Parker,80015,
39,Lillian,Meyer,60505,
40,Dorothy,Jenkins,2305,
41,Todd,Hunter,10115,
42,Beverly,Montgomery,33731,
43,Fred,Jackson,3105,
44,Brandon,Hamilton,33111,
45,George,Wheeler,68117,
46,Earl,Graham,32236,
47,Irene,Hunt,60619,
48,Donna,Nguyen,83757,
49,James,Gomez,44485,
50,Judith,Peters,14210,
51,Justin,Alexander,29615,
52,Steven,Scott,89074,
53,Nicholas,Henderson,97206,
54,Bonnie,Warren,40505,
55,Joyce,Price,32919,
56,Robin,Grant,98417,
57,Julie,Vasquez,33355,
58,Rebecca,Harrison,30066,
59,Julia,West,96835,
60,Martha,Burns,77080,
61,Diane,Morales,92424,
62,George,Welch,32399,
63,Harry,Frazier,40524,
64,Gregory,Stanley,45408,
65,Eugene,Lewis,30905,
66,Craig,Nelson,43215,
67,Douglas,Nguyen,89130,
68,Amanda,Graham,59112,
69,Billy,Murphy,78245,
70,Johnny,Roberts,28256,
71,Patricia,Watkins,92805,
72,Kathy,Reynolds,54915,
73,Phyllis,Morgan,20167,
74,Jane,Russell,32813,
75,Julia,Chapman,88563,
76,Robin,Campbell,92710,
77,Cynthia,Barnes,32969,
78,Mildred,Daniels,66617,
79,Justin,Ryan,77293,
80,Denise,Garrett,99522,
81,Dennis,Owens,95160,
82,Marie,Nguyen,68124,
83,Kathy,Chavez,96154,
84,Aaron,Morgan,31422,
85,Walter,Bell,22244,
86,Diana,Davis,30336,
87,Catherine,George,55598,
88,Janice,Hudson,21211,
89,Shirley,Cruz,81015,
90,Benjamin,Medina,64101,
91,Andrea,Price,80235,
92,Gloria,Romero,36616,
93,Gary,Garza,10606,
94,Dennis,Fields,33180,
95,Karen,Willis,77299,
96,Rachel,Mitchell,45238,
97,Terry,Sims,73119,
98,Randy,Perkins,19125,
99,Frank,Williams,73114,
100,Louis,Wilson,62705,
101,Bruce,King,98417,
102,Ralph,Reyes,45020,
103,Joyce,Tucker,59112,
104,Bonnie,Lewis,20380,
105,Rebecca,Cooper,83405,
106,Joe,Grant,75799,
107,Jean,Pierce,96845,
108,Phyllis,Cox,45470,
109,Kathleen,Fowler,46857,
110,Jeremy,Roberts,22313,
111,George,Richards,96825,
112,Ernest,Ford,80920,
113,Jose,Young,79764,
114,Henry,Miller,44191,
115,Emily,Burke,92030,
116,Jessica,Warren,33411,
117,Aaron,Fox,32505,
118,Doris,Morales,48295,
119,Gregory,Bell,27658,
120,Virginia,Meyer,62756,
121,Alan,Dixon,18505,
122,Kelly,Clark,10464,
123,Benjamin,Willis,24014,
124,Jimmy,Taylor,37924,
125,Douglas,Ford,90405,
126,Carolyn,Lawrence,17121,
127,Roger,Fisher,10034,
128,Elizabeth,Mcdonald,63131,
129,Anthony,Carr,36628,
130,Ernest,George,94126,
131,Jeffrey,Holmes,78260,
132,Jessica,Roberts,14614,
133,Ashley,Morris,75358,
134,Craig,Foster,19104,
135,Ashley,Sims,78215,
136,Christina,Jordan,33153,
137,Ashley,Lawson,60657,
138,Terry,Rose,80127,
139,Bobby,Jackson,33336,
140,Helen,Ray,70805,
141,Billy,Fernandez,32225,
142,Christine,Stewart,62705,
143,Carl,Weaver,32204,
144,Benjamin,Kim,30066,
145,Arthur,Howell,63136,
146,Ann,Cunningham,99790,
147,Willie,Phillips,70505,
148,Larry,Richardson,47405,
149,Victor,Ellis,20851,
150,Joe,Stanley,84130,
151,Dorothy,Fields,85311,
152,Teresa,Johnston,64179,
153,Mary,Greene,87592,
154,Christopher,Ray,30045,
155,Kelly,Hicks,66642,
156,Mark,Richardson,89519,
157,Barbara,Carter,33448,
158,Carlos,Meyer,66205,
159,Dennis,Webb,20540,
160,Aaron,Hicks,11470,
161,Sean,Palmer,10105,
162,Jane,Parker,23260,
163,Ralph,Lane,19714,
164,Clarence,Cruz,20456,
165,Eric,Hughes,10292,
166,Shirley,Hughes,58122,
167,Carlos,Lawson,37235,
168,Kathleen,Miller,93762,
169,John,Diaz,20319,
170,Michael,Cunningham,75372,
171,Michael,Harper,33153,
172,Sharon,Williamson,27415,
173,Rebecca,Holmes,91199,
174,Joyce,Gutierrez,47705,
175,John,Mccoy,34479,
176,Bruce,Kim,20029,
177,Kelly,Martinez,71105,
178,Timothy,Lawrence,56372,
179,Joan,Morris,73197,
180,Chris,Roberts,93291,
181,Walter,Perkins,11254,
182,Ernest,Simmons,67260,
183,Jason,Hansen,30311,
184,Eric,Harvey,88519,
185,Ruth,Ward,30506,
186,Janet,Reed,10034,
187,Howard,Phillips,1105,
188,Evelyn,Stewart,12255,
189,Raymond,Jacobs,53726,
190,Gloria,Boyd,92056,
191,Peter,Warren,99512,
192,Deborah,Kelly,75231,
193,Sharon,Kelly,33028,
194,Pamela,Fernandez,40298,
195,Ashley,Hall,40510,
196,Donald,Schmidt,33906,
197,Robin,Cox,93106,
198,Robert,Barnes,20392,
199,Sean,Fernandez,97211,
200,Eric,Long,89595,
201,Angela,Richardson,32891,
202,Randy,Andrews,74108,
203,Roger,Daniels,23260,
204,Melissa,Ruiz,84105,
205,Amy,Morgan,93106,
206,Charles,Hayes,47905,
207,Sandra,Howell,40233,
208,Louise,Dixon,28215,
209,Mark,Evans,75310,
210,Lori,Ford,6533,
211,Juan,Garza,11236,
212,Jennifer,Little,90030,
213,Christina,Walker,33982,
214,Emily,Collins,28410,
215,Diana,Patterson,31904,
216,Kevin,Robinson,35215,
217,Willie,Fernandez,43666,
218,Carl,Tucker,22313,
219,Pamela,George,90094,
220,Margaret,Thomas,29615,
221,Heather,Torres,35225,
222,Catherine,Diaz,24040,
223,Jonathan,Gray,79764,
224,Christopher,Sanchez,94064,
225,Cheryl,Elliott,76210,
226,Eugene,Harvey,19131,
227,Gloria,Harrison,27409,
228,Michelle,Allen,19151,
229,Kathleen,Sanchez,79705,
230,George,Torres,93907,
231,Judy,Banks,32220,
232,Arthur,Meyer,15261,
233,Ralph,Rogers,70826,
234,Deborah,Chavez,20220,
235,Theresa,Rose,47134,
236,Alice,Gonzalez,46266,
237,Diana,Burton,10029,
238,Beverly,Knight,82007,
239,Sarah,Cook,55436,
240,Fred,Bailey,90094,
241,Betty,Reyes,40287,
242,Heather,Rice,98682,
243,Brian,Harris,55579,
244,Clarence,Daniels,52245,
245,Heather,Sims,32277,
246,Jason,Meyer,34233,
247,Alan,Smith,2119,
248,Jason,Stephens,8922,
249,Antonio,Coleman,79989,
250,Alice,Evans,75210,
251,Ronald,Arnold,93704,
252,Catherine,Dixon,35244,
253,Roger,Andrews,19196,
254,Michael,Howell,39505,
255,Shawn,Lane,78415,
256,Kathryn,Chapman,23242,
257,Patrick,Oliver,78749,
258,Benjamin,Jackson,59771,
259,Julia,Snyder,55146,
260,Johnny,Walker,32595,
261,Gloria,Collins,72118,
262,Charles,Sanders,44105,
263,Jerry,Ferguson,20041,
264,James,Reyes,64114,
265,Terry,Nguyen,33742,
266,Joyce,Marshall,80940,
267,Susan,Gibson,77035,
268,Daniel,Medina,92612,
269,Robert,Brooks,66205,
270,Kenneth,Brooks,90076,
271,Anthony,Lynch,76544,
272,Walter,Banks,76011,
273,Kathleen,Payne,79176,
274,Donna,Hudson,11447,
275,Lori,Hernandez,7310,
276,Harry,Medina,55146,
277,Amy,Bishop,30386,
278,Marilyn,Weaver,66205,
279,Nicholas,Richardson,90081,
280,Jacqueline,Carr,35295,
281,Joyce,Armstrong,20892,
282,Russell,Reyes,29905,
283,William,Schmidt,14604,
284,Anthony,Bowman,87592,
285,Louis,Weaver,88541,
286,Pamela,Carr,1105,
287,Robin,Gonzales,25305,
288,Samuel,Schmidt,60657,
289,Mildred,Wagner,55172,
290,Phillip,Murphy,38168,
291,Emily,Price,53779,
292,Richard,Gonzalez,95205,
293,Terry,Reynolds,53277,
294,Robert,Murray,68510,
295,Nancy,Simmons,92415,
296,Victor,Rodriguez,98447,
297,Barbara,Lane,33737,
298,Debra,Lewis,94616,
299,Dennis,Robinson,34985,
300,Phillip,Frazier,48098,
301,Martha,Burke,85383,
302,Frank,Burns,35244,
303,Bruce,Garza,22217,
304,Diane,Brooks,30328,
305,Mary,Carr,40287,
306,Patricia,Willis,15266,
307,Phillip,Campbell,30380,
308,Raymond,Ellis,10029,
309,Lisa,White,94159,
310,Alan,Powell,27110,
311,Ann,Kim,38104,
312,Denise,Stephens,27717,
313,Howard,Harrison,22212,
314,Janice,Gutierrez,43699,
315,Brandon,Vasquez,36670,
316,Ronald,Grant,87505,
317,Fred,Arnold,88514,
318,Jessica,Hayes,43610,
319,Jack,Smith,33283,
320,Justin,Torres,98687,
321,Peter,Gomez,88589,
322,Walter,Bennett,89178,
323,Todd,Turner,39210,
324,Roy,Oliver,49510,
325,Judith,Stevens,98682,
326,Jennifer,Chapman,20599,
327,Beverly,Fisher,89714,
328,Patricia,Mills,98175,
329,Billy,Larson,31410,
330,Tina,Roberts,64101,
331,Adam,Hamilton,96820,
332,Fred,Collins,19104,
333,Howard,Lewis,33315,
334,Albert,Sanchez,20010,
335,Jane,Knight,71115,
336,Antonio,Reynolds,30306,
337,Carol,Nelson,21265,
338,Joan,Alvarez,79176,
339,Christine,Fuller,44511,
340,Carol,Richardson,56372,
341,Tina,Weaver,95150,
342,Amanda,Knight,80262,
343,Walter,Fuller,55487,
344,Tina,Williams,37250,
345,Scott,Andrews,38131,
346,Marilyn,Daniels,93762,
347,Marilyn,Brown,38168,
348,Bruce,Hamilton,32255,
349,Justin,Gomez,92619,
350,Doris,Graham,89087,
351,Rose,Lee,21211,
352,Sandra,Garza,77228,
353,George,Bell,2109,
354,Kenneth,Ramos,20099,
355,Edward,Ferguson,28278,
356,Amanda,Olson,87195,
357,Albert,Medina,23504,
358,Kathy,Fowler,60641,
359,Marie,Franklin,92160,
360,Mary,Baker,89036,
361,Timothy,Harper,60624,
362,Sharon,Weaver,77271,
363,Billy,Bryant,57193,
364,Arthur,Williamson,88006,
365,Anna,Berry,84403,
366,Aaron,Harper,92619,
367,Aaron,Howell,78715,
368,Pamela,Burke,77266,
369,Diane,Hanson,24048,
370,Ashley,Marshall,37665,
371,Victor,Gibson,84130,
372,Denise,Long,20397,
373,Gloria,Gordon,33196,
374,Kenneth,Weaver,25331,
375,Christopher,Mills,28314,
376,Tina,Larson,47747,
377,Angela,Gonzalez,35810,
378,Terry,Ross,94110,
379,Benjamin,Murphy,60351,
380,Marilyn,Davis,95194,
381,Theresa,Young,53726,
382,Katherine,Butler,43284,
383,Harold,Cruz,19725,
384,George,Ryan,19184,
385,Gregory,Murphy,35244,
386,Michelle,Mills,55805,
387,Jesse,Pierce,70187,
388,Anna,Pierce,44555,
389,Ralph,Hicks,77223,
390,Adam,Hudson,98195,
391,Patricia,White,91109,
392,Sharon,Woods,19141,
393,Jack,Gardner,23504,
394,Jesse,Mendoza,10034,
395,Carolyn,Tucker,75074,
396,Harry,Rogers,44191,
397,Matthew,Bradley,28815,
398,Ronald,Kelley,64125,
399,Mary,Carr,31605,
400,Jimmy,Ford,22908,
401,Amy,Williamson,75342,
402,Victor,Hanson,33411,
403,Justin,Lewis,27157,
404,Carolyn,Flores,85260,
405,Earl,Mills,76016,
406,Cheryl,Welch,59112,
407,Ruby,Kennedy,48107,
408,Keith,Henry,78296,
409,James,Jones,20851,
410,Kathy,Nichols,91406,
411,Jacqueline,Hayes,23605,
412,Aaron,Ward,63131,
413,Dennis,Gilbert,10024,
414,Virginia,Torres,6922,
415,Barbara,Richardson,13210,
416,Amy,Torres,90305,
417,Ashley,Russell,6816,
418,Bruce,Parker,70815,
419,Michelle,Henderson,84189,
420,Wanda,Oliver,11236,
421,Paul,Hunt,14220,
422,Margaret,Young,33421,
423,Donald,Graham,19141,
424,Carlos,Ellis,30316,
425,Mary,Wood,78205,
426,Phyllis,Welch,48335,
427,Joyce,Alexander,83757,
428,Donald,Riley,32868,
429,Norma,Gardner,94042,
430,Beverly,Harvey,40250,
431,Janet,Cook,75236,
432,Douglas,Hansen,51105,
433,Raymond,Jackson,94042,
434,Heather,Day,94089,
435,Jason,Stewart,20420,
436,Lois,Nguyen,38150,
437,Andrew,Burke,55480,
438,Patricia,Woods,85045,
439,Bonnie,Hawkins,75251,
440,Jennifer,Lewis,92176,
441,James,Fowler,7505,
442,Jimmy,James,70033,
443,Scott,Wright,92513,
444,Jason,Hawkins,14233,
445,Lori,Mason,73147,
446,Mary,Gonzalez,10160,
447,Christopher,Gordon,30061,
448,Jean,Long,57188,
449,Earl,Henry,32244,
450,Carol,Walker,44310,
451,Willie,Little,11254,
452,Christopher,Woods,40266,
453,Scott,Ellis,31132,
454,Alice,Ross,92640,
455,Laura,Foster,80270,
456,James,Johnson,31296,
457,Joshua,King,19093,
458,Rose,Harvey,86305,
459,Virginia,Mitchell,43635,
460,Doris,Collins,33620,
461,Bobby,Austin,84403,
462,Stephanie,Vasquez,95128,
463,Katherine,Coleman,23293,
464,John,Carr,56944,
465,Sandra,Burke,44485,
466,Evelyn,Mccoy,27110,
467,Karen,Jacobs,23220,
468,Melissa,Cook,55572,
469,Deborah,Wells,1605,
470,Christine,Parker,71213,
471,Antonio,Fuller,55423,
472,Paul,Sims,15225,
473,Nicholas,Porter,33190,
474,Mildred,Cooper,92127,
475,Emily,Ramirez,34108,
476,Michelle,Perkins,2453,
477,David,Burton,77844,
478,Paul,Castillo,33233,
479,Benjamin,Franklin,93291,
480,Margaret,Freeman,48930,
481,Louis,Schmidt,44555,
482,Jerry,Patterson,20167,
483,Lawrence,Burton,14263,
484,Arthur,Fox,67210,
485,William,Warren,11044,
486,Judith,Mason,47306,
487,Paul,Johnston,74141,
488,Denise,Gordon,79105,
489,Roger,Morales,99512,
490,Rebecca,Stevens,77010,
491,Clarence,Henry,77234,
492,Jane,Allen,55572,
493,Jimmy,Rogers,89706,
494,Pamela,Wilson,20062,
495,Phillip,Coleman,50981,
496,Louis,Webb,66611,
497,Henry,Knight,12262,
498,Janet,Chapman,20215,
499,Alan,Bennett,50315,
500,Patrick,Nelson,11024,
501,Tina,Gonzales,18505,
502,Antonio,Morgan,45454,
503,Michelle,Knight,63196,
504,Frank,Spencer,84093,
505,Joan,Webb,58207,
506,Donald,Stevens,55573,
507,Jose,Wilson,30061,
508,Christina,Cruz,12210,
509,Kathryn,Ramos,71166,
510,Willie,Carr,33320,
511,Beverly,Gordon,75387,
512,Nicholas,Morrison,13217,
513,Ann,Gardner,22093,
514,Anne,Gonzalez,79452,
515,Donna,Burke,19146,
516,Lawrence,Bailey,33605,
517,Stephen,Ruiz,20436,
518,Amanda,Rose,1905,
519,Cynthia,Kim,10165,
520,Lori,Miller,90055,
521,Joyce,Lopez,19605,
522,Diane,Chavez,93709,
523,Julie,Carter,55146,
524,Jane,Lopez,30375,
525,Martha,Stanley,20430,
526,Victor,Kennedy,98104,
527,Steve,Frazier,55573,
528,Alice,Rivera,22111,
529,Victor,Dunn,22903,
530,Linda,Williams,27157,
531,Cheryl,Young,66225,
532,Laura,Flores,35279,
533,Cynthia,Fernandez,20010,
534,Carol,Schmidt,30066,
535,Kathryn,Peterson,16565,
536,Phillip,Ford,46406,
537,Thomas,Warren,14646,
538,James,Kennedy,12255,
539,Stephanie,Reynolds,33972,
540,Jack,Burke,22225,
541,Jeremy,Long,20470,
542,Patricia,Rivera,45470,
543,Jessica,Payne,84135,
544,Bobby,Lee,10280,
545,Earl,Richardson,12255,
546,Gloria,Diaz,40256,
547,Karen,Payne,68179,
548,Craig,Williams,10165,
549,Helen,Stewart,20231,
550,Carolyn,Hughes,20575,
551,Sarah,Thompson,57193,
552,John,Crawford,27415,
553,Earl,Black,91205,
554,Michael,Martinez,40233,
555,Anne,White,98109,
556,Willie,Kelly,75277,
557,Kelly,Martinez,12247,
558,Daniel,Morgan,89125,
559,Harry,Gonzales,61629,
560,Patrick,Morrison,38197,
561,Diana,Foster,10203,
562,Marie,Gutierrez,63158,
563,Kevin,Reid,45271,
564,Jane,Collins,88525,
565,Doris,Young,11241,
566,Raymond,Perry,43666,
567,Earl,Garcia,27710,
568,Katherine,Reid,73135,
569,Lawrence,Garza,80925,
570,James,Nguyen,29411,
571,Roger,Mills,64160,
572,Anna,Fernandez,40266,
573,Heather,Smith,23260,
574,Sarah,Coleman,57110,
575,Alice,Williams,89160,
576,Ryan,Duncan,78405,
577,Eugene,Bishop,70607,
578,Rose,Lopez,23208,
579,Billy,Ortiz,83206,
580,Catherine,Mason,24034,
581,Teresa,Sims,84130,
582,Marilyn,Simpson,23289,
583,Dorothy,Lopez,20470,
584,John,Rose,30195,
585,Ashley,Murphy,25770,
586,Ralph,Lewis,85754,
587,Heather,Fuller,64179,
588,Mark,Roberts,77040,
589,Rachel,Stevens,10454,
590,Catherine,Bradley,18018,
591,Janet,Schmidt,78215,
592,Betty,Hunter,33432,
593,Ruby,Carter,11436,
594,Theresa,Gonzales,6905,
595,Sara,Franklin,14276,
596,Stephen,Armstrong,31190,
597,Harry,Cunningham,75265,
598,Timothy,Ramirez,51105,
599,Steve,Warren,68164,
600,Matthew,Freeman,77085,
601,Earl,Palmer,25721,
602,Joan,Gomez,62711,
603,Deborah,Johnston,10090,
604,William,Nguyen,77223,
605,Anne,Stewart,19886,
606,Eugene,Fernandez,55805,
607,Gloria,Hansen,43226,
608,Randy,Gonzales,79405,
609,Brandon,Nichols,18514,
610,Ruth,Fuller,85010,
611,Jose,Scott,76796,
612,Martha,Carroll,95852,
613,Jennifer,Richards,76796,
614,Eric,Lawson,94230,
615,Jonathan,Gordon,20430,
616,Jonathan,Turner,14220,
617,Jesse,Crawford,71307,
618,Julia,Palmer,92648,
619,Robin,Larson,6606,
620,Lori,Cunningham,48295,
621,Carol,Baker,15279,
622,Betty,Ward,52405,
623,Billy,Moore,77386,
624,Carl,Robinson,24024,
625,Judy,Montgomery,55123,
626,Julie,Gutierrez,35215,
627,Charles,Gonzales,43635,
628,Phillip,Flores,94660,
629,Paul,Baker,44130,
630,Joe,Diaz,79452,
631,Thomas,Hill,7310,
632,Antonio,Ortiz,11388,
633,Samuel,Garza,36670,
634,Beverly,Young,14905,
635,Patrick,Welch,12205,
636,Stephanie,Perkins,6505,
637,Ruby,Perez,92555,
638,David,Davis,46221,
639,Louise,Morales,92822,
640,Jose,Kelley,94110,
641,Heather,Porter,30610,
642,Louis,Rodriguez,61825,
643,Peter,Little,29208,
644,Russell,Riley,45218,
645,Ralph,Gardner,23705,
646,Henry,Dean,84125,
647,Amy,Bishop,32092,
648,Evelyn,Richardson,20414,
649,Timothy,Morrison,97216,
650,Jessica,Brooks,30195,
651,Mildred,Hudson,70810,
652,Jeremy,Ray,32092,
653,Irene,Simpson,20167,
654,Jonathan,Wright,77030,
655,Ralph,Simpson,45807,
656,Kimberly,Myers,28220,
657,Joan,Spencer,17126,
658,Carolyn,Sims,2203,
659,Bruce,Schmidt,88514,
660,Jose,Thompson,77025,
661,Nicholas,Porter,33715,
662,Lori,Foster,12242,
663,Andrea,Garcia,11499,
664,Terry,Robertson,94273,
665,Susan,Webb,75251,
666,Raymond,Taylor,28242,
667,Virginia,Anderson,92619,
668,Daniel,Perry,46896,
669,Julia,Oliver,97255,
670,Lawrence,Stone,28247,
671,Deborah,Wilson,20220,
672,Sandra,Lynch,75710,
673,Phyllis,Sanders,22096,
674,Louis,Holmes,90081,
675,Melissa,Reed,20525,
676,Richard,Burns,23285,
677,Beverly,Gutierrez,55585,
678,William,Harper,91103,
679,Laura,Knight,29240,
680,Sara,Tucker,95160,
681,Brenda,Ferguson,20195,
682,Philip,Dunn,94263,
683,Christopher,Mendoza,99507,
684,Betty,Butler,22212,
685,Brandon,Fox,55412,
686,Stephen,Gonzalez,60351,
687,Kathleen,Burns,2216,
688,Douglas,Martinez,40298,
689,Annie,Lopez,22093,
690,Ann,Olson,6705,
691,Wayne,Gilbert,93291,
692,Kathleen,Scott,53705,
693,Russell,Schmidt,74193,
694,Virginia,Meyer,28230,
695,Ryan,Hill,95852,
696,Barbara,Alexander,96840,
697,Aaron,Patterson,64125,
698,Keith,Dixon,32909,
699,Jean,Austin,48258,
700,Samuel,Cooper,23459,
701,Juan,Garcia,13217,
702,Ruth,Lawrence,20036,
703,Billy,Chapman,46634,
704,Ann,Coleman,53716,
705,Gloria,Ellis,20215,
706,Samuel,Gonzalez,20883,
707,Andrea,Duncan,70124,
708,Sandra,Bell,10557,
709,James,Boyd,89135,
710,Emily,Ellis,94089,
711,Mary,Williamson,49510,
712,Helen,Peterson,80905,
713,Linda,George,71115,
714,Matthew,Cruz,84130,
715,Dennis,Gray,32964,
716,James,Stewart,23260,
717,Jean,Roberts,94705,
718,Jimmy,Boyd,92121,
719,Billy,Duncan,92191,
720,Pamela,Hudson,95219,
721,Phillip,Martin,85205,
722,Roy,Brooks,98506,
723,Bobby,Bishop,64144,
724,Wanda,Burton,94207,
725,Donna,Johnston,23289,
726,Judith,Johnston,23454,
727,Norma,Ryan,60669,
728,Deborah,Bowman,32868,
729,Scott,Taylor,90810,
730,Jeremy,Kelly,77005,
731,Carol,Garcia,11470,
732,Jeremy,Banks,64160,
733,Christopher,Murray,98166,
734,Steven,Ellis,88535,
735,Wanda,Cox,77045,
736,Fred,Jacobs,94126,
737,Timothy,Ferguson,94245,
738,Denise,Adams,91131,
739,Ruby,White,10014,
740,Deborah,Ross,33963,
741,Tina,Nelson,30245,
742,Frank,Carter,60641,
743,Judith,Riley,45490,
744,Pamela,Cunningham,19141,
745,Jane,Russell,73109,
746,Janet,Hansen,23289,
747,Aaron,Jenkins,27690,
748,Judith,Rogers,62525,
749,Heather,Ferguson,45296,
750,Victor,Stewart,32813,
751,Joseph,Thomas,90060,
752,Brenda,Gordon,70607,
753,Nancy,Ortiz,77025,
754,Cheryl,Stanley,37215,
755,Frances,Bradley,84105,
756,Patricia,Walker,34629,
757,Wayne,Green,95818,
758,Kimberly,Matthews,64125,
759,Roger,Banks,85705,
760,Willie,Roberts,66611,
761,Dennis,Schmidt,30022,
762,Laura,Stone,79764,
763,Janice,Gardner,90081,
764,Sharon,Carr,6145,
765,Stephen,Andrews,22036,
766,Michael,Jones,27635,
767,Dorothy,Harrison,95823,
768,Katherine,Armstrong,48901,
769,Benjamin,Freeman,91109,
770,Karen,Howell,19892,
771,Janet,Coleman,28410,
772,Amanda,Reid,53205,
773,Amanda,Mason,60193,
774,Jessica,Wilson,33405,
775,Ryan,Lynch,67205,
776,Angela,Bennett,22301,
777,Margaret,Taylor,95219,
778,Christopher,Harper,65805,
779,Phyllis,Simmons,92153,
780,Betty,Fisher,68197,
781,Peter,Clark,94622,
782,Janice,Watson,23293,
783,Irene,Jacobs,87121,
784,Ann,Cole,23514,
785,Brandon,Duncan,29805,
786,Terry,West,14683,
787,Andrea,Price,23504,
788,Gerald,Harrison,79452,
789,Sean,Frazier,30066,
790,Annie,Jordan,14233,
791,Wanda,Ruiz,77713,
792,Kathy,Fields,73124,
793,Thomas,Webb,32511,
794,Deborah,Ramos,11054,
795,Andrea,Hunt,15235,
796,Susan,Thomas,32204,
797,Justin,Snyder,78410,
798,Russell,Fisher,20566,
799,Daniel,Mccoy,25305,
800,Diana,Fox,77060,
801,Lawrence,Moreno,33906,
802,Elizabeth,Mcdonald,20337,
803,Jacqueline,Simpson,27705,
804,Amy,Hall,85725,
805,Shirley,Richardson,33134,
806,Nancy,White,78291,
807,Donna,Jones,71137,
808,Bonnie,Day,92170,
809,Richard,Kelley,72222,
810,Julie,Stone,45408,
811,Karen,Morgan,31605,
812,Russell,Martinez,32505,
813,Douglas,Armstrong,35290,
814,Jeffrey,Moreno,3804,
815,Amanda,Murray,15225,
816,Brian,Carroll,14210,
817,Kenneth,Lynch,48956,
818,Bruce,Romero,84125,
819,Nancy,Carr,77015,
820,Earl,Olson,35905,
821,Anthony,Allen,45243,
822,Chris,Grant,6726,
823,Dorothy,Franklin,87140,
824,Lillian,Ramirez,17105,
825,Carl,Graham,85219,
826,Doris,Phillips,53234,
827,Teresa,Lopez,55458,
828,Fred,Young,1152,
829,Janet,Perkins,75221,
830,Anthony,Knight,10110,
831,Aaron,Hughes,75310,
832,Jane,Stewart,6520,
833,Anthony,Boyd,8603,
834,Phillip,Dunn,60657,
835,Helen,Perry,89510,
836,John,Ramos,91505,
837,Larry,Martinez,66629,
838,Sara,Ellis,33164,
839,Keith,Sanchez,60208,
840,Ruby,Morrison,55188,
841,Shirley,Rose,77299,
842,Susan,Taylor,75246,
843,Henry,Stevens,10249,
844,Patricia,Price,20430,
845,Kenneth,Mcdonald,45454,
846,Gloria,Ryan,50393,
847,Joseph,Ramos,2124,
848,Brandon,Austin,25389,
849,George,Parker,63126,
850,Ernest,Baker,32314,
851,Jane,Ford,25331,
852,John,Frazier,68134,
853,Angela,Gordon,48919,
854,Evelyn,Stephens,61825,
855,Lois,Hicks,32605,
856,Christina,Austin,85255,
857,Stephanie,Willis,21239,
858,Arthur,Garza,64187,
859,Russell,Wood,80209,
860,Christopher,Dixon,87592,
861,Kathryn,Elliott,98442,
862,Chris,Williamson,1105,
863,Kathleen,Fernandez,20546,
864,Victor,Ramirez,14220,
865,Carl,Perry,79171,
866,Kathryn,Marshall,60652,
867,Daniel,Flores,80299,
868,Raymond,Rice,33972,
869,Barbara,Perez,36616,
870,Philip,Bradley,2104,
871,Gary,Torres,73142,
872,Amanda,Murray,83722,
873,Raymond,Ramos,40293,
874,Ralph,Welch,79994,
875,Steven,Wagner,55172,
876,Christopher,Andrews,73071,
877,Douglas,Matthews,19184,
878,Lillian,Richardson,90831,
879,Cheryl,Perkins,76011,
880,Joseph,Long,38197,
881,Thomas,Nguyen,77250,
882,Nancy,Castillo,28055,
883,Matthew,Bishop,85030,
884,Beverly,Wood,76705,
885,Martha,Harrison,79968,
886,Bobby,Medina,89110,
887,Larry,Lane,79188,
888,Martha,Carter,27116,
889,Pamela,Mitchell,32255,
890,Adam,Stewart,34282,
891,Margaret,Ford,94257,
892,Matthew,Hansen,98121,
893,Doris,Wagner,79699,
894,Barbara,Morrison,36205,
895,Diane,Murphy,71130,
896,Steven,Gomez,92717,
897,Kelly,Hudson,92132,
898,Victor,Russell,2912,
899,Roger,Hill,60630,
900,Joseph,Jackson,78265,
901,Jason,Moreno,21265,
902,Melissa,Lee,23668,
903,Dennis,Diaz,33283,
904,Christine,Sanders,78415,
905,Janice,Freeman,12227,
906,Ralph,Jordan,10150,
907,Donna,Rivera,95852,
908,Adam,Watkins,77293,
909,Joe,Porter,92844,
910,Bobby,Allen,43226,
911,Melissa,Vasquez,20557,
912,Kathryn,Gomez,80920,
913,Norma,Sims,76115,
914,Howard,Hill,77080,
915,Julia,Marshall,55448,
916,Betty,Riley,98405,
917,Linda,James,73124,
918,Paula,Duncan,53225,
919,Catherine,Foster,90101,
920,Lisa,Morgan,75277,
921,Catherine,Lawson,21747,
922,Adam,Gutierrez,57188,
923,Andrea,Banks,23293,
924,Julia,Gutierrez,30358,
925,Jose,Austin,88569,
926,Roy,Owens,96815,
927,Julia,Murray,93726,
928,Jason,Clark,45213,
929,Bonnie,Gonzales,87110,
930,Jason,Sanchez,79994,
931,Anne,Gardner,20918,
932,Melissa,Campbell,28815,
933,Lois,West,64179,
934,Debra,Wood,84140,
935,Ronald,Spencer,43204,
936,Richard,George,95118,
937,Judith,Mcdonald,88589,
938,Rose,Castillo,1105,
939,Frances,Riley,89036,
940,Donna,Butler,33018,
941,Lois,Jackson,40225,
942,Christine,Ferguson,64101,
943,Helen,Sims,19146,
944,Sara,Hamilton,31422,
945,Stephanie,Moreno,36104,
946,Antonio,George,16107,
947,Randy,Wallace,49048,
948,Denise,Hansen,86305,
949,Phyllis,Palmer,92424,
950,Christopher,Wheeler,10105,
951,Mildred,Parker,34238,
952,Jeremy,Fisher,6510,
953,Patrick,Hudson,70836,
954,Henry,Martin,33147,
955,Denise,Howell,90081,
956,Ernest,Martin,57110,
957,Dorothy,Bishop,19184,
958,James,Fuller,48670,
959,Jane,Elliott,43699,
960,Julia,Williams,33742,
961,Edward,Garrett,46814,
962,Evelyn,Sullivan,78245,
963,Jerry,Franklin,33731,
964,Albert,Walker,75205,
965,Marilyn,Warren,34276,
966,Kenneth,Banks,98185,
967,Donald,Russell,77201,
968,Albert,Lawson,70124,
969,Howard,Oliver,35231,
970,Teresa,Jones,77065,
971,Walter,Young,96815,
972,Louis,Garrett,7505,
973,Anne,Marshall,89130,
974,Mark,Hunt,94230,
975,Judith,Price,79968,
976,Henry,Rogers,55166,
977,Paul,Peters,16565,
978,Terry,Jenkins,80228,
979,Donald,Bradley,95138,
980,Robin,Franklin,90081,
981,Janet,Wells,33686,
982,Janet,Allen,93305,
983,Kathy,Fisher,88569,
984,Lori,Bowman,23213,
985,Albert,Reyes,60435,
986,Beverly,Perkins,91797,
987,Marilyn,Mitchell,30343,
988,Jonathan,Daniels,85255,
989,Melissa,Franklin,57110,
990,Bobby,Parker,77806,
991,William,Stephens,71914,
992,Karen,Alvarez,47805,
993,Alan,Hudson,20010,
994,Frank,Spencer,80204,
995,Jason,Russell,70820,
996,Marilyn,Jacobs,77206,
997,Tammy,Rice,13205,
998,John,Fisher,45218,
999,Juan,Graham,75310,
1000,Martin,Cruz,17622,
