"id","first_name","last_name","postal_code"
1,"Wanda","Mccoy",11215
2,"Ronald","Porter",50315
3,"Jonathan","Gonzalez",84409
4,"Louis","Kelley",37914
5,"Carl","Nichols",33994
6,"Anna","Wallace",23285
7,"Christine","Wood",25356
8,"Norma","Bishop",20904
9,"Theresa","Wright",88553
10,"Theresa","Martinez",46620
11,"Craig","Day",79182
12,"Deborah","Gonzales",33884
13,"Shawn","Daniels",90805
14,"Christine","Gray",62723
15,"Pamela","Gordon",12227
16,"Carl","Gutierrez",83705
17,"Ralph","Frazier",77025
18,"James","Diaz",40210
19,"Sandra","Carr",14609
20,"Bruce","Lane",73135
21,"Doris","Williamson",20816
22,"Gary","Sullivan",29905
23,"Maria","Davis",20260
24,"Catherine","Garrett",58207
25,"Irene","Schmidt",62776
26,"Craig","Gardner",21265
27,"Willie","Ferguson",97306
28,"Aaron","Williamson",13224
29,"Alice","Chapman",76096
30,"Carlos","Mitchell",86305
31,"Jane","Johnson",46862
32,"Norma","Murray",8104
33,"Ruth","Ramos",77201
34,"Mark","Ferguson",47805
35,"Shirley","Harvey",75226
36,"Christopher","Mendoza",36641
37,"Scott","Wallace",32277
38,"Amy","Morrison",33954
39,"Lawrence","Lawrence",98104
40,"Craig","Carpenter",35815
41,"Karen","Scott",20719
42,"Evelyn","Walker",58122
43,"Diana","Hudson",11355
44,"Lillian","Hart",91125
45,"Gerald","Reyes",32092
46,"Paula","Perez",94042
47,"Diane","Larson",33673
48,"Larry","Campbell",70187
49,"Amy","Perkins",29905
50,"Eugene","Miller",25321
51,"Ryan","Frazier",52809
52,"Tammy","Hughes",75392
53,"Kathy","Ramirez",40524
54,"Joyce","Jordan",33421
55,"Ernest","Alexander",32941
56,"Catherine","Schmidt",10305
57,"Phillip","Ferguson",71166
58,"Stephanie","Schmidt",96825
59,"George","Owens",32277
60,"Phillip","Hayes",48609
61,"Joe","Duncan",88006
62,"Arthur","Wagner",73157
63,"Philip","Arnold",6145
64,"Joe","Schmidt",74126
65,"Sharon","Morris",62705
66,"Heather","Ferguson",78426
67,"Gary","Rogers",60193
68,"Gloria","Wagner",93704
69,"Kevin","Chavez",22096
70,"Donna","Ford",20220
71,"Martin","Kennedy",6140
72,"Phillip","James",66667
73,"Ruby","Lopez",85210
74,"Laura","Bradley",27409
75,"Teresa","Morris",67210
76,"Teresa","Harris",73197
77,"Rachel","Lane",91125
78,"Dennis","Alvarez",85215
79,"Irene","Taylor",77040
80,"Joyce","Clark",61105
81,"Todd","Watson",19610
82,"Denise","Crawford",27621
83,"Robert","Burns",16522
84,"Anne","Boyd",98907
85,"Russell","Lawrence",14215
86,"Evelyn","Tucker",40233
87,"Paul","Cox",74170
88,"Joshua","Ortiz",75507
89,"Ruth","Peters",20414
90,"Victor","Gardner",23208
91,"Ronald","Webb",28272
92,"Sarah","Stone",31914
93,"Michael","Larson",33705
94,"William","Wheeler",75185
95,"Kevin","Holmes",53285
96,"Cynthia","Matthews",70183
97,"Nicole","Sims",95828
98,"Joe","Hunter",44305
99,"Frank","Hudson",62794
100,"John","Bailey",35215
101,"Roy","Carpenter",77250
102,"Christine","Nguyen",64160
103,"Joseph","Johnson",21281
104,"Linda","Lawson",25770
105,"Debra","Sanchez",20470
106,"Jerry","Cox",10045
107,"Andrew","Garrett",10184
108,"Joe","Foster",40215
109,"Gregory","Elliott",74133
110,"Beverly","Fields",73167
111,"Ruby","Gordon",96840
112,"Adam","Barnes",84105
113,"Nicholas","Foster",94250
114,"Bruce","Lee",10029
115,"Kathleen","Fuller",43605
116,"Cheryl","Thomas",6538
117,"Benjamin","Elliott",55407
118,"Ruth","Adams",70836
119,"Wayne","Flores",10014
120,"Wayne","Smith",6160
121,"Stephanie","Lawrence",43226
122,"Heather","Watkins",31416
123,"Mark","Ramos",37416
124,"Jason","Watkins",32128
125,"Carolyn","Rogers",20319
126,"Justin","Fields",77212
127,"Matthew","Howard",97221
128,"Alice","Roberts",79699
129,"Paul","Thompson",40510
130,"Larry","Wagner",48126
131,"Gary","Dixon",90025
132,"Terry","Hunter",72916
133,"Phillip","Graham",68124
134,"Theresa","Harris",75246
135,"Robert","Richards",30392
136,"Jeremy","Castillo",93773
137,"Carolyn","Mitchell",27705
138,"Russell","Cooper",91186
139,"William","Wilson",2208
140,"Randy","Myers",78220
141,"Martha","Rodriguez",19886
142,"Kelly","Berry",25726
143,"Marie","Perry",89105
144,"Aaron","Howell",63169
145,"Jane","Porter",76011
146,"Sara","Barnes",32854
147,"Julia","Turner",89178
148,"Donna","Fernandez",91797
149,"Harold","Fisher",36205
150,"Amanda","Ellis",50310
151,"Todd","Carter",39236
152,"Jose","Murray",34233
153,"Earl","Shaw",79916
154,"Brenda","Jacobs",78778
155,"Norma","Smith",90101
156,"Jimmy","Bailey",85219
157,"James","Rodriguez",93305
158,"Michael","Little",24020
159,"Ashley","Schmidt",19191
160,"Mary","Bennett",92705
161,"Timothy","Gibson",67215
162,"Anna","Robertson",27621
163,"Kimberly","Gordon",66667
164,"Charles","Moore",44705
165,"Carl","Boyd",85715
166,"Bonnie","Romero",40581
167,"George","Lynch",91125
168,"Betty","Brown",51105
169,"Louise","Robertson",88569
170,"Ryan","Hart",93907
171,"Philip","Hernandez",77050
172,"Dennis","Mendoza",55188
173,"Ralph","Williams",14604
174,"Kathryn","Morgan",61825
175,"Christine","Morales",33147
176,"Sharon","Andrews",72215
177,"Jason","Gibson",20022
178,"Christina","Tucker",32204
179,"Frank","Alvarez",77844
180,"Edward","Hunter",38197
181,"Carl","Cook",75037
182,"Arthur","Kim",76129
183,"Clarence","Fields",70179
184,"Ronald","Robinson",77223
185,"Barbara","Alexander",77266
186,"Patricia","Mason",18105
187,"Rebecca","Simpson",73124
188,"James","Kelley",15215
189,"Chris","Bell",80044
190,"Lillian","Dean",91797
191,"Benjamin","Hawkins",64144
192,"Debra","Allen",94154
193,"Catherine","Lynch",37250
194,"Ann","Bishop",88558
195,"Jonathan","Mason",75367
196,"Melissa","Montgomery",30336
197,"Eric","Stevens",20022
198,"Helen","Foster",55188
199,"Deborah","Day",73109
200,"Patrick","Richards",77015
201,"Jose","Little",53705
202,"Jerry","Murray",53405
203,"Jeremy","White",89155
204,"Nicholas","Powell",63169
205,"Phillip","Richardson",77260
206,"Jerry","Lawrence",28235
207,"Russell","Moore",60663
208,"Nicole","Baker",77713
209,"Matthew","Cox",32803
210,"Patricia","Harper",16534
211,"Ann","Garrett",66205
212,"Karen","Chavez",6854
213,"Barbara","Robertson",95118
214,"Donna","Vasquez",78769
215,"Rachel","Barnes",93381
216,"Steve","Gilbert",79950
217,"Jean","Hunt",39216
218,"Johnny","Williamson",27264
219,"Gerald","Fox",14233
220,"Irene","Cruz",2305
221,"Sean","Bradley",30096
222,"Adam","Baker",12222
223,"Elizabeth","Payne",94280
224,"Douglas","Simmons",73152
225,"Karen","Lawrence",37250
226,"Amy","Owens",22111
227,"Deborah","Peterson",45490
228,"Randy","Sullivan",31136
229,"Teresa","Fields",75287
230,"Kathy","Owens",92805
231,"Kathy","Burke",98206
232,"James","Ford",50315
233,"Brenda","Myers",32204
234,"Anthony","Barnes",90410
235,"Steven","Mcdonald",66606
236,"Eric","Torres",98127
237,"Roger","Knight",33625
238,"Andrea","Richardson",92505
239,"Virginia","Andrews",20436
240,"Todd","Parker",20784
241,"Robin","Diaz",90060
242,"Diana","Brown",33421
243,"Jennifer","Martinez",97211
244,"Rachel","Mitchell",34611
245,"Gerald","Harrison",10125
246,"Betty","Meyer",90035
247,"James","Clark",72916
248,"Samuel","Jacobs",40596
249,"Joyce","Olson",36610
250,"Margaret","Harrison",20010
251,"Harry","Vasquez",16505
252,"Judy","Perkins",27105
253,"Maria","Parker",23459
254,"Kimberly","Warren",44185
255,"Keith","Taylor",85053
256,"Anna","Gonzales",22093
257,"Marie","Morales",85260
258,"Irene","Wells",89155
259,"Lillian","Bradley",13224
260,"Marilyn","Snyder",37210
261,"Donna","Hansen",40591
262,"Shawn","Watkins",14233
263,"Martha","Cole",77271
264,"Jeremy","Carroll",32919
265,"Clarence","Matthews",77343
266,"Judy","Mccoy",31410
267,"Beverly","Tucker",34290
268,"Susan","Coleman",83732
269,"Nicole","Peterson",79934
270,"Randy","Wells",55572
271,"Edward","Watkins",85205
272,"Randy","Hanson",34643
273,"Susan","Kennedy",75226
274,"Victor","Shaw",93005
275,"Annie","Moreno",33954
276,"Deborah","Patterson",22184
277,"Stephen","Banks",97271
278,"Phillip","Moore",19805
279,"Larry","King",89436
280,"Chris","Diaz",15266
281,"Thomas","Myers",80910
282,"Judy","Parker",73179
283,"Maria","Dean",20456
284,"Justin","Hunt",48076
285,"Brandon","Palmer",2142
286,"Jennifer","Hayes",19151
287,"Steven","Warren",15230
288,"Martha","Fuller",38131
289,"Michael","Cook",20816
290,"John","Rice",33069
291,"Shawn","Gonzalez",85010
292,"Lawrence","Hall",34108
293,"Steven","Hunter",93704
294,"Eric","Dunn",25331
295,"Bonnie","Austin",55172
296,"Anna","Watkins",46015
297,"Ralph","Allen",30195
298,"Mary","Hunt",16565
299,"Stephen","Mendoza",20099
300,"Evelyn","Mills",45505
301,"Melissa","Tucker",89087
302,"Donald","Warren",66699
303,"Jessica","Perry",79118
304,"Paul","Wheeler",25711
305,"Harold","Stewart",63196
306,"Gerald","Wallace",85083
307,"Thomas","Palmer",6510
308,"Richard","Franklin",95823
309,"Anne","Simpson",95155
310,"Lawrence","Ford",45228
311,"Eric","Thomas",60636
312,"Chris","Bennett",76905
313,"Ronald","Clark",79968
314,"Kevin","Morales",98506
315,"Lori","Boyd",30605
316,"Larry","Edwards",14639
317,"Ernest","Peterson",47805
318,"Annie","Perkins",79916
319,"Chris","Butler",7310
320,"Marie","Robinson",10110
321,"Arthur","Reid",97286
322,"Harold","Turner",89706
323,"Louis","Edwards",37235
324,"Carlos","Simpson",78426
325,"Kelly","Anderson",85062
326,"Anthony","Wilson",78744
327,"Antonio","Harrison",75185
328,"Jack","Young",3105
329,"Gary","Perez",20414
330,"Keith","Wood",95133
331,"Christina","Andrews",88514
332,"Douglas","Davis",98042
333,"Jeffrey","Garza",34615
334,"Christine","Gutierrez",63110
335,"Melissa","Stephens",71105
336,"Kimberly","Murray",44191
337,"Johnny","Hart",46254
338,"Judith","Tucker",29203
339,"Justin","Frazier",99599
340,"Anthony","Meyer",55417
341,"Amanda","Chapman",23464
342,"Steven","Hamilton",55564
343,"Angela","Reid",22333
344,"Kenneth","Reynolds",78682
345,"Jessica","Hanson",85219
346,"Matthew","Gibson",30610
347,"Angela","Gonzalez",93311
348,"Evelyn","Harvey",32854
349,"Tammy","Hunter",55585
350,"Janice","Moore",66622
351,"Marie","Gilbert",99522
352,"Bruce","Willis",33134
353,"David","Crawford",55108
354,"Doris","Peters",92186
355,"Patrick","Nguyen",98498
356,"Julie","Hansen",38136
357,"Anthony","Romero",55572
358,"Mary","Fisher",60636
359,"Nicole","Hayes",35244
360,"Joan","Garza",10557
361,"Christina","Ramos",27658
362,"Wayne","Simpson",62756
363,"Craig","Ferguson",75379
364,"Thomas","Carroll",94291
365,"Cheryl","Carter",60351
366,"Diana","Sullivan",33355
367,"Heather","Fields",85072
368,"Jennifer","Spencer",95173
369,"Tammy","Phillips",77505
370,"Steven","Rivera",61605
371,"Ruby","Allen",33013
372,"Benjamin","Barnes",73167
373,"Roger","Vasquez",93111
374,"Alice","Holmes",58106
375,"Fred","Hart",70805
376,"Janice","Watkins",76115
377,"Janice","Lopez",22093
378,"Terry","Kennedy",45264
379,"Sandra","Sullivan",33963
380,"Amy","Robertson",81010
381,"Walter","Burns",14614
382,"Kelly","Graham",46247
383,"Judith","Nelson",17622
384,"Ashley","Fowler",93773
385,"Helen","Daniels",84135
386,"Harry","Patterson",88569
387,"Harry","Banks",72215
388,"Willie","Hansen",28299
389,"Rachel","Howell",13224
390,"Russell","Moore",80310
391,"Jose","Romero",55166
392,"Randy","Martinez",92145
393,"Larry","Larson",88589
394,"Mary","Chapman",30316
395,"Rachel","Stewart",55905
396,"Sean","Watkins",64193
397,"Christopher","Gordon",95150
398,"Shawn","Dixon",13505
399,"Patrick","Simpson",92160
400,"Alan","Perkins",92835
401,"Sara","Harper",15279
402,"Andrew","Fuller",64082
403,"Elizabeth","Simpson",1105
404,"Steve","Nichols",19897
405,"Peter","Hill",85754
406,"Donna","Nichols",92170
407,"Jeremy","Mcdonald",66667
408,"Steven","Romero",98447
409,"Evelyn","Ruiz",33661
410,"George","Little",90305
411,"Henry","Crawford",70154
412,"Rose","Hawkins",80925
413,"Carol","Jacobs",19810
414,"Diane","Ruiz",13205
415,"Judy","Johnston",70505
416,"Billy","Shaw",95133
417,"Donald","Woods",30195
418,"Virginia","Freeman",11431
419,"Louis","Richards",85045
420,"Lillian","Collins",98042
421,"Billy","Rogers",80945
422,"Kathy","West",79923
423,"Benjamin","Carter",89714
424,"Sean","Bradley",66276
425,"Gerald","Bailey",60193
426,"Philip","Barnes",64190
427,"Jack","Burke",35815
428,"Raymond","Romero",85205
429,"Peter","Mills",36109
430,"Diana","Mcdonald",2208
431,"Ruth","Henry",91186
432,"Louis","Cox",85040
433,"Judy","Cook",1129
434,"Teresa","Welch",45233
435,"Dorothy","Andrews",20580
436,"Carl","Johnston",56372
437,"Janet","Moore",78749
438,"Linda","Cox",93591
439,"Jimmy","Martinez",98506
440,"Donald","Stanley",6912
441,"Jose","Fuller",67205
442,"Fred","Sims",55446
443,"Ann","Torres",19115
444,"Joseph","Burton",49544
445,"George","Washington",19093
446,"Johnny","Romero",35254
447,"Nicole","Willis",35290
448,"Ashley","Martin",81005
449,"Jesse","Garcia",79764
450,"Daniel","Perez",30375
451,"Jeffrey","Murray",10019
452,"Todd","Hayes",17140
453,"Elizabeth","Flores",20057
454,"Jessica","Day",33175
455,"Anna","Edwards",31422
456,"Andrew","Jacobs",84403
457,"Philip","Nichols",2745
458,"Aaron","Willis",64125
459,"Todd","Austin",83732
460,"Christopher","Knight",18505
461,"Julie","Perkins",64054
462,"Marie","Mendoza",33487
463,"William","Carroll",79764
464,"Louis","Lopez",15205
465,"Louise","Jackson",55103
466,"Debra","Bishop",6825
467,"Kathleen","Burns",30328
468,"Nicholas","Franklin",83711
469,"Karen","Reyes",58122
470,"David","Robertson",20709
471,"Mark","Morrison",46278
472,"Beverly","Rivera",92145
473,"Ashley","Stephens",33345
474,"Douglas","Perkins",79118
475,"Deborah","Bishop",77090
476,"Ruby","Ruiz",98133
477,"Adam","Williamson",78245
478,"Roy","Freeman",20883
479,"Evelyn","Franklin",47937
480,"Barbara","Ruiz",12325
481,"Virginia","Cooper",46207
482,"Joyce","Morris",12325
483,"Kathryn","Peters",34642
484,"Paula","Collins",10270
485,"Laura","Martinez",22070
486,"Virginia","Montgomery",7188
487,"Billy","Mitchell",47719
488,"Sandra","Nichols",37405
489,"Martha","Miller",74170
490,"Joe","Perry",92424
491,"William","Parker",20337
492,"Sandra","Cook",28805
493,"Christina","Payne",10310
494,"Bobby","Murphy",30195
495,"Ernest","Watson",98498
496,"Roy","Freeman",61614
497,"Terry","Stewart",10034
498,"Russell","Williamson",95150
499,"Diane","Perkins",2208
500,"Robin","Fowler",96815
501,"Howard","Gray",48076
502,"Phyllis","Gibson",90010
503,"Roger","Franklin",15235
504,"Kathleen","Williams",33075
505,"Jason","Alexander",33705
506,"Heather","Ramirez",37605
507,"Anne","Graham",33134
508,"Howard","Morrison",43210
509,"Arthur","Sanders",94611
510,"Victor","Tucker",80270
511,"Lois","Watkins",2163
512,"Maria","Ross",46207
513,"Antonio","Thompson",60636
514,"Kevin","Kim",75392
515,"Jimmy","Hamilton",32209
516,"Ruth","Taylor",88589
517,"Kathy","Reid",20215
518,"Rebecca","Ross",20215
519,"Susan","Smith",32969
520,"Denise","Ruiz",66642
521,"Amy","West",20414
522,"Stephen","Weaver",24004
523,"Ernest","Robinson",93750
524,"Janice","Carpenter",80525
525,"Earl","Fernandez",62794
526,"Ronald","Carter",29319
527,"Eric","Banks",92013
528,"Katherine","Rodriguez",55412
529,"Howard","Porter",79188
530,"Craig","Owens",75221
531,"Victor","Hunter",73157
532,"Ruth","Hart",90831
533,"Phillip","James",33111
534,"Earl","Ortiz",10203
535,"Christina","Hayes",92132
536,"Ruby","Robinson",31416
537,"Anne","Nelson",85284
538,"Russell","Perry",94263
539,"Deborah","Ellis",66215
540,"Kathleen","Fernandez",97232
541,"Emily","Hart",75265
542,"Laura","Sanders",81005
543,"Ryan","Reyes",77010
544,"Edward","Stephens",20073
545,"Brandon","Fuller",92191
546,"Aaron","Nichols",89110
547,"Daniel","Matthews",25331
548,"Robin","Dunn",29625
549,"Martin","Torres",11854
550,"Irene","Flores",83757
551,"Jack","Bailey",54305
552,"Aaron","Fernandez",80223
553,"Anna","Wells",94712
554,"Timothy","Brown",33543
555,"Randy","Montgomery",84130
556,"Jonathan","Andrews",43610
557,"Christine","Morris",71208
558,"Sharon","Fox",93005
559,"Emily","Garrett",96815
560,"Larry","Bryant",21290
561,"Daniel","Hunt",91186
562,"Nicole","Hill",98115
563,"Martin","Cunningham",32399
564,"Donna","Reed",20231
565,"Walter","Mills",70129
566,"Philip","Ryan",66112
567,"Deborah","Matthews",48224
568,"Gerald","Martinez",78715
569,"Betty","Bell",27717
570,"Brian","Wheeler",89145
571,"Patrick","Hansen",79491
572,"Irene","Cole",78230
573,"Deborah","Fox",10014
574,"Adam","Dixon",20535
575,"Jeremy","Webb",56398
576,"Todd","Powell",92705
577,"Stephen","Moreno",33448
578,"Scott","Ford",75287
579,"Cynthia","Crawford",57193
580,"Eric","Kelly",37131
581,"Thomas","Medina",13224
582,"Jeremy","Carpenter",7505
583,"Emily","Foster",74193
584,"Andrew","Hansen",27157
585,"Eric","Grant",80638
586,"Kathy","Price",33310
587,"Sandra","Gilbert",20205
588,"Jennifer","Morgan",30380
589,"Jason","Ford",44393
590,"Ernest","Harper",79940
591,"Brenda","Wells",44125
592,"Brian","Payne",98008
593,"Kathy","Burton",79916
594,"Frances","Butler",93740
595,"Nicole","Banks",39505
596,"Jessica","Medina",77388
597,"Jason","Garcia",52410
598,"Lisa","Welch",89145
599,"Barbara","Hill",20918
600,"Stephen","Shaw",20010
601,"Heather","Harvey",37665
602,"Amy","Cox",98498
603,"Linda","Griffin",30905
604,"Tammy","Jackson",80270
605,"Anthony","Richards",39204
606,"Terry","Payne",84105
607,"Kathleen","Green",80920
608,"Martin","Collins",1905
609,"Jennifer","Long",95210
610,"Samuel","Wright",88569
611,"Antonio","Nguyen",59105
612,"Elizabeth","Davis",84115
613,"Catherine","Alexander",76598
614,"Eugene","Ramirez",10131
615,"Ernest","Gonzales",20210
616,"Lori","Taylor",71208
617,"Raymond","Mendoza",30306
618,"Clarence","Cox",6854
619,"Nicholas","Johnston",37250
620,"Paul","Olson",98008
621,"Phyllis","Little",98664
622,"Norma","Dixon",40618
623,"Gary","Brooks",1610
624,"Stephen","Armstrong",90398
625,"Christine","Jacobs",78215
626,"Jack","George",96815
627,"Christine","Rice",78789
628,"Bonnie","Armstrong",90025
629,"Jerry","Reed",98447
630,"Charles","Torres",74170
631,"Carlos","Harper",16534
632,"Keith","Martin",46295
633,"Ernest","Franklin",18505
634,"Ralph","Reyes",67210
635,"Melissa","Ross",25356
636,"Marie","Sanders",88514
637,"Russell","Ryan",75397
638,"Ashley","Welch",6825
639,"William","Taylor",10459
640,"Mildred","Ward",70593
641,"Stephen","Boyd",88574
642,"Joseph","Crawford",6505
643,"Robert","Green",32259
644,"Rebecca","Marshall",84605
645,"Brandon","Lawson",28215
646,"Brenda","Oliver",22070
647,"Albert","Gibson",87105
648,"Theresa","Bailey",54915
649,"Patrick","Stone",10474
650,"Shawn","Holmes",43284
651,"Timothy","Hart",33013
652,"Janice","Bailey",48335
653,"Theresa","Rodriguez",73147
654,"Fred","Diaz",14619
655,"Debra","Patterson",44105
656,"Jesse","Washington",19172
657,"Shawn","Bailey",80638
658,"Kathleen","Watkins",22903
659,"Dennis","Ward",94207
660,"Nicholas","Gray",97229
661,"Stephanie","Thomas",79705
662,"Amanda","Perkins",97306
663,"Douglas","Crawford",32405
664,"Emily","Arnold",71208
665,"Sarah","Dunn",39505
666,"Shirley","Wells",33325
667,"Albert","Jones",45233
668,"Gary","Gomez",55470
669,"James","Ryan",75037
670,"Lois","Pierce",31605
671,"Wayne","Mccoy",45223
672,"Shawn","Banks",44511
673,"Steven","Mills",73129
674,"Gary","Mills",40287
675,"Ralph","Flores",22047
676,"Benjamin","Wheeler",70505
677,"Gloria","Grant",20409
678,"Clarence","Bailey",97075
679,"Rebecca","Diaz",85383
680,"Aaron","Martin",95194
681,"Judy","Mendoza",19178
682,"Harold","Hanson",93762
683,"Thomas","Ellis",75037
684,"Randy","Garrett",90094
685,"Robert","Butler",43656
686,"Russell","Williams",88563
687,"Tammy","Foster",93778
688,"Willie","Ward",53790
689,"Wanda","Johnson",32813
690,"Gregory","Parker",14210
691,"Anthony","Evans",55811
692,"Aaron","Berry",97211
693,"Sarah","Cook",70593
694,"Gary","Owens",47725
695,"Robert","Burke",40515
696,"Annie","Graham",80217
697,"Roy","Jenkins",25362
698,"Gerald","Bell",44710
699,"Larry","Lawrence",78285
700,"Ashley","Stone",28299
701,"Lawrence","Elliott",33283
702,"Ruth","Anderson",89160
703,"Douglas","Nguyen",15255
704,"Timothy","Romero",70005
705,"Helen","Kelly",48275
706,"Ryan","Garrett",28272
707,"Terry","Lawrence",23504
708,"Alice","Williams",50315
709,"Debra","Robinson",80127
710,"Amanda","Henderson",46857
711,"David","Carr",52809
712,"Anne","Williamson",37931
713,"Virginia","Robinson",85705
714,"Adam","Ramos",74170
715,"Marie","Romero",10039
716,"Matthew","Patterson",39404
717,"Aaron","Martin",37924
718,"Michael","Smith",92165
719,"Robin","Willis",32891
720,"Philip","Porter",97271
721,"Todd","Nguyen",81505
722,"Phyllis","Gardner",40225
723,"Mary","Pierce",55579
724,"Barbara","Hart",60208
725,"Tammy","Alvarez",57198
726,"Chris","Garza",98104
727,"Roger","Peterson",75231
728,"Victor","Daniels",44555
729,"Roger","Matthews",32092
730,"Louise","Bradley",64187
731,"Doris","Burns",28263
732,"Carol","Cruz",28410
733,"Todd","Hart",89550
734,"Ralph","Garrett",40280
735,"Barbara","Burke",20719
736,"Diane","Collins",43231
737,"Ann","Reed",80217
738,"Angela","Bell",33315
739,"Kelly","Hall",6105
740,"Harry","Cole",2142
741,"Justin","Gibson",92196
742,"Louis","Wagner",88535
743,"Jeremy","Simpson",95194
744,"Russell","Wilson",87115
745,"Edward","Harvey",70810
746,"Keith","Gonzales",85010
747,"Beverly","Miller",66642
748,"Karen","Mcdonald",36610
749,"Sarah","Cox",79769
750,"Emily","Burton",46239
751,"Phillip","Rodriguez",89436
752,"George","Schmidt",36628
753,"Louis","Vasquez",75205
754,"Sarah","Lopez",20709
755,"Joshua","Hunter",68510
756,"Charles","Fowler",28314
757,"Donald","Patterson",66205
758,"Cheryl","Diaz",14624
759,"Virginia","Stephens",96805
760,"Martha","Hunter",55480
761,"Kevin","Cook",99215
762,"Bonnie","Kim",22405
763,"Terry","Powell",98447
764,"Edward","Mccoy",32919
765,"Harold","Wells",27425
766,"Phyllis","Myers",77015
767,"Sara","Morales",40266
768,"Fred","Campbell",33448
769,"Carl","Wilson",20551
770,"Carol","Kennedy",1610
771,"Rose","Gonzalez",27157
772,"Joe","Wells",57188
773,"Harold","Gonzalez",97286
774,"Edward","Mccoy",6505
775,"Jeremy","Gardner",90101
776,"Kathryn","Kim",94280
777,"Jean","Thomas",57193
778,"Gregory","Myers",33954
779,"Diane","Peterson",63180
780,"Ryan","Reed",20337
781,"Roy","Williamson",58505
782,"Stephanie","Johnson",46825
783,"Clarence","Ray",58106
784,"Adam","Cruz",85715
785,"Amanda","Baker",94257
786,"Sandra","Meyer",38188
787,"Sharon","Crawford",45020
788,"Andrew","Morrison",93407
789,"Stephanie","Stevens",36205
790,"Ann","Dunn",80299
791,"Tammy","Harper",66160
792,"Martha","Gibson",81005
793,"Denise","Hart",94089
794,"Harold","Fisher",68524
795,"Kenneth","Elliott",55470
796,"Eugene","Griffin",83711
797,"Heather","Reid",16550
798,"Ralph","Ryan",48901
799,"Annie","Jenkins",59806
800,"Craig","Richards",36104
801,"Kathleen","Bennett",90305
802,"David","Long",63167
803,"Alan","Miller",32909
804,"Nicholas","Green",72118
805,"Donald","Robertson",33142
806,"Ralph","Myers",28210
807,"Ashley","Franklin",76905
808,"Richard","Garcia",40233
809,"Phyllis","Hunt",79905
810,"Sara","Ryan",55436
811,"Fred","Sanders",21203
812,"Elizabeth","Scott",20260
813,"Christina","Knight",37235
814,"Wayne","Williams",70815
815,"Ruby","Dean",62205
816,"Debra","Boyd",32854
817,"Johnny","Hughes",91205
818,"Diana","Thomas",33345
819,"Louise","White",28247
820,"Kathy","Thomas",45264
821,"Roger","Smith",84093
822,"Katherine","Freeman",43615
823,"Emily","Ryan",64101
824,"Edward","Mitchell",14205
825,"Emily","Gonzalez",17110
826,"Angela","Myers",14215
827,"Lisa","Kim",20195
828,"Kathryn","Reyes",11355
829,"Todd","Vasquez",1654
830,"Eric","Harper",88574
831,"Jennifer","Watkins",20319
832,"Victor","Perez",38168
833,"Jonathan","Woods",88525
834,"Linda","Powell",33972
835,"Roy","King",92160
836,"Barbara","Armstrong",79105
837,"Bonnie","Boyd",80920
838,"Lillian","Cunningham",19120
839,"Brian","Perkins",98405
840,"Raymond","Nguyen",33064
841,"Ralph","Taylor",90805
842,"Larry","Jacobs",55428
843,"Robert","Simmons",15220
844,"Catherine","Patterson",94616
845,"Bonnie","Ramos",44197
846,"Joseph","Ellis",44760
847,"Frances","Medina",49444
848,"Joyce","Palmer",10305
849,"Michelle","Richardson",85210
850,"Brandon","Ross",85715
851,"Victor","Oliver",68164
852,"Ryan","Cruz",68531
853,"Scott","Kelley",79984
854,"Douglas","Williams",6533
855,"Denise","Adams",87505
856,"Martha","Hansen",37450
857,"Kathryn","Dixon",44485
858,"Walter","Cunningham",52804
859,"Norma","Gibson",17605
860,"Joshua","White",44555
861,"Cynthia","Mccoy",30343
862,"Gerald","Rivera",47134
863,"Chris","Wood",94807
864,"Diane","Lawrence",32215
865,"Martin","Myers",7112
866,"Sean","Gonzalez",95133
867,"Lawrence","Fernandez",90040
868,"Steve","Ross",64187
869,"Susan","Perkins",94975
870,"Carol","Sullivan",10060
871,"Virginia","Fuller",92710
872,"Jose","Fields",75251
873,"Randy","Shaw",97229
874,"Nancy","Hughes",32808
875,"Sarah","Ruiz",25326
876,"Nicole","Walker",91328
877,"Karen","Johnson",6183
878,"Shawn","Boyd",34611
879,"Frances","Rodriguez",10280
880,"Eric","Vasquez",15230
881,"Jimmy","Stevens",23293
882,"Earl","Holmes",59623
883,"Philip","Austin",20205
884,"Heather","Mccoy",19160
885,"Stephen","Garcia",48076
886,"Matthew","Holmes",27110
887,"Tina","Bennett",46226
888,"Catherine","Black",46614
889,"Arthur","Griffin",38131
890,"Angela","Turner",49544
891,"Sandra","Mitchell",16534
892,"Peter","Baker",37405
893,"Henry","Henry",64190
894,"Lawrence","Shaw",97221
895,"Robin","Montgomery",75379
896,"Charles","Clark",12205
897,"Ernest","Flores",48092
898,"Bruce","Bowman",38131
899,"Lillian","Barnes",94142
900,"Andrew","Armstrong",20409
901,"Cynthia","Young",45233
902,"Daniel","Grant",38126
903,"Norma","Wilson",79994
904,"Kenneth","Snyder",37228
905,"Joseph","Ward",90060
906,"Patrick","Howard",36109
907,"Martin","Jones",85062
908,"Dennis","Baker",35263
909,"Denise","Fields",24014
910,"Lori","Matthews",51110
911,"Adam","Stevens",30375
912,"Kathleen","Chavez",67215
913,"Marilyn","Hernandez",46247
914,"Lois","Evans",79916
915,"Robin","Wheeler",79916
916,"Lisa","Shaw",80161
917,"Amy","Roberts",96825
918,"Richard","Bishop",29416
919,"Frank","King",39216
920,"Scott","Berry",36195
921,"Larry","Oliver",89714
922,"Norma","Chapman",93591
923,"Pamela","Bailey",12305
924,"Justin","Wagner",79769
925,"Louise","Watkins",40266
926,"Alan","Gonzales",92835
927,"Linda","Long",94105
928,"Harold","Willis",63126
929,"Stephen","Jones",74149
930,"Donald","Robinson",19495
931,"Jimmy","Fowler",23220
932,"Nancy","James",17605
933,"Catherine","Cook",20380
934,"Edward","Brooks",5609
935,"Patrick","Gilbert",32885
936,"Tina","Wright",95833
937,"Walter","Miller",75231
938,"Pamela","Stephens",2163
939,"Christine","Wheeler",90101
940,"Donald","Henry",88579
941,"Tina","Perkins",33915
942,"Carl","Henry",78769
943,"Kenneth","Hill",21290
944,"Ruby","Dunn",28230
945,"Teresa","Carter",25362
946,"Amy","Mccoy",35210
947,"Paul","Anderson",10120
948,"Jennifer","Mitchell",55480
949,"Catherine","Reyes",78278
950,"Alan","Dixon",40287
951,"Eugene","Myers",35215
952,"Gary","Daniels",46278
953,"Carlos","Johnson",74103
954,"Jesse","Lopez",5609
955,"Fred","Hanson",95150
956,"Raymond","Campbell",79999
957,"Margaret","Cox",38168
958,"Evelyn","Ward",90030
959,"Kelly","Alexander",37665
960,"Barbara","Mills",93591
961,"Albert","Daniels",53785
962,"Joe","Wagner",14619
963,"Doris","Ellis",80249
964,"Alan","Murray",99599
965,"Carol","Mcdonald",22047
966,"Samuel","Frazier",90071
967,"Ruth","Dunn",80305
968,"Elizabeth","Parker",70616
969,"Catherine","Morales",94207
970,"Adam","Medina",94273
971,"Christopher","White",27710
972,"Mark","Rose",94042
973,"Gregory","Mccoy",91186
974,"Donna","Fowler",61640
975,"Alan","Hansen",44315
976,"Annie","Walker",2405
977,"Jason","Nguyen",56372
978,"Alice","Rogers",97286
979,"Lillian","Parker",34135
980,"Martin","Harrison",90045
981,"Tina","Rose",1105
982,"Jonathan","Gonzales",60691
983,"Diane","Hanson",24029
984,"Robert","Oliver",44191
985,"Ann","Hayes",33421
986,"Barbara","Moreno",85271
987,"Benjamin","Kelly",68531
988,"Keith","Price",79165
989,"Patricia","Evans",19093
990,"Keith","Henderson",60657
991,"Deborah","Jenkins",8104
992,"Janice","Dunn",76205
993,"Antonio","Lane",29403
994,"Tina","Mcdonald",85072
995,"Janet","Rice",95113
996,"Timothy","Griffin",48076
997,"Keith","Gibson",75205
998,"Wanda","Johnson",77343
999,"Barbara","Harper",37205
1000,"Timothy","Thomas",85035
